attribute,weights
W0,2.110501922509048
W1,0.3392377466621421
W2,0.9831088837253843
W3,9.616313530558005
W4,7.587299737065588
W5,5.296655492386596
W6,5.08582590697767
W7,1.0598361007013868
W8,3.636025765140014
W9,4.473947019760823
W10,8.666921411780717
W11,0.0488988395240364
W12,9.853587311401666
W13,8.953849084492342
W14,5.937696758628061
W15,2.2414938020215134
W16,6.269820538240359
W17,5.97533065975138
W18,9.71440532691443
